name,year,price,rating,oil,actuator,transmission,engine_capacity
Toyota Wish,2015,1810000,9.1,бензин,передний,вариатор,1.8
Audi A6,2021,5550000,9.2,дизель,4WD,автомат,2.0
BMW 3-Series,2019,3590000,9.5,бензин,4WD,АКПП,2.0
Mercedes-Benz GLE Coupe,2015,4650000,9.4,бензин,4WD,АКПП,3.0
Ford Mondeo,2013,1150000,9.0,бензин,передний,робот,2.0
Li ONE,2020,4500000,,гибрид,4WD,АКПП,
OMODA C5,2023,2749900,,бензин,передни,вариатор,1.5
Mazda Mazda3,2008,505000,8.8,бензин,передний,механика,1.6
BMW X1,2018,3550000,9.2,дизель,4WD,АКПП,2.0
Lexus CT200h,2012,1250000,9.4,гибрид,передний,вариатор,
Nissan Note,2015,1020000,8.9,бензин,передний,вариатор,1.2
Volkswagen Polo,2017,867000,8.7,бензин,передний,АКПП,1.6
OMODA S5 GT,2023,2739900,,бензин,передни,робот,1.6
OMODA S5 GT,2023,2739900,,бензин,передни,робот,1.6
OMODA S5 GT,2023,2739900,,бензин,передни,робот,1.6
OMODA S5 GT,2023,2739900,,бензин,передни,робот,1.6
OMODA S5 GT,2023,2739900,,бензин,передни,робот,1.6
OMODA S5 GT,2023,2739900,,бензин,передни,робот,1.6
OMODA S5 GT,2023,2739900,,бензин,передни,робот,1.6
OMODA S5 GT,2023,2739900,,бензин,передни,робот,1.6
OMODA S5 GT,2023,2739900,,бензин,передни,робот,1.6
OMODA S5 GT,2023,2739900,,бензин,передни,робот,1.6
OMODA S5 GT,2023,2739900,,бензин,передни,робот,1.6
OMODA S5 GT,2023,2739900,,бензин,передни,робот,1.6
Лада 2114 Самара,2011,220000,7.9,бензин,передний,механика,1.6
OMODA S5 GT,2023,2739900,,бензин,передни,робот,1.6
OMODA S5 GT,2023,2739900,,бензин,передни,робот,1.6
Лада 2115 Самара,2012,115000,7.7,бензин,передний,механика,1.6
Kia Spectra,2006,295000,8.2,бензин,передний,механика,1.5
Lexus GX460,2015,4000000,9.3,бензин,4WD,АКПП,
Mazda CX-7,2010,1050000,8.7,бензин,4WD,АКПП,2.3
Kia Carnival,2021,4351000,8.8,дизель,передний,АКПП,2.2
Skoda Octavia,2018,1665000,9.2,бензин,передний,механика,1.6
Kia Carnival,2019,3200000,9.3,дизель,передний,АКПП,2.2
Ford Kuga,2014,1515000,9.0,дизель,4WD,робот,2.0
BMW 7-Series,2019,7101000,9.3,дизель,4WD,АКПП,3.0
Kia K3,2019,2250000,,бензин,передний,вариатор,1.6
Renault Duster,2021,2369000,,бензин,4WD,автомат,1.3
Geely Atlas,2018,1700000,,бензин,передний,автомат,2.4
Лада 2115 Самара,2007,150000,7.7,бензин,передний,механика,1.5
Mazda CX-5,2013,1850000,9.3,бензин,передний,АКПП,2.0
Chevrolet Cruze,2011,570000,8.5,бензин,передний,механика,1.8
Opel Insignia,2014,1099000,9.1,бензин,передний,АКПП,1.6
Лада Ларгус,2015,785000,8.4,бензин,передний,механика,1.6
Nissan Juke,2017,1200000,8.8,бензин,передний,вариатор,1.6
Nissan Qashqai,2008,840000,8.6,дизель,передний,механика,1.5
Geely Tugella FY11,2019,2700000,,бензин,передний,автомат,1.5
Kia K5,2021,2674000,9.3,бензин,передний,АКПП,2.0
Mitsubishi Pajero Sport,2019,3590000,9.0,дизель,4WD,АКПП,2.4
Nissan Murano,2010,1250000,9.2,бензин,4WD,вариатор,3.5
Volkswagen Polo,2014,1029000,8.7,бензин,передний,АКПП,1.6
Skoda Rapid,2016,1325000,8.9,бензин,передний,робот,1.4
Volkswagen Touareg,2017,3871000,9.4,дизель,4WD,АКПП,3.0
Mazda Axela,2016,1700000,9.4,дизель,передний,АКПП,1.5
Mercedes-Benz R-Class,2012,2149000,8.8,дизель,4WD,АКПП,3.0
Mercedes-Benz B-Class,2009,819000,8.8,бензин,передний,вариатор,1.7
Mitsubishi Outlander,2012,1519000,9.0,бензин,4WD,вариатор,2.0
Kia Rio,2016,1359000,8.9,бензин,передний,АКПП,1.6
Mitsubishi Outlander,2019,2479000,9.0,бензин,4WD,вариатор,2.0
Renault Logan,2008,319000,7.9,бензин,передний,механика,1.6
Renault Duster,2019,1889000,8.4,бензин,4WD,механика,2.0
Renault Arkana,2021,2269000,,бензин,4WD,автомат,1.3
Skoda Octavia,2012,799000,8.9,бензин,передний,механика,1.8
Chery Tiggo 4,2019,1599000,8.9,бензин,передний,вариатор,2.0
Chery Tiggo 7 Pro,2022,2599000,,бензин,передний,вариатор,1.5
Skoda Octavia,2014,1249000,9.2,бензин,передний,механика,1.6
Toyota Corolla,2017,1589000,9.2,бензин,передний,вариатор,1.6
Nissan Qashqai,2011,1249000,8.6,бензин,4WD,вариатор,2.0
Great Wall Hover H3,2014,1029000,8.5,бензин,4WD,механика,2.0
Ford Kuga,2018,2269000,9.0,бензин,передний,АКПП,2.5
Volkswagen Polo,2013,879000,8.7,бензин,передний,механика,1.6
Volkswagen Tiguan,2012,1250000,9.0,бензин,передний,робот,1.4
Skoda Yeti,2010,718000,8.7,бензин,передний,механика,1.2
BMW X3,2013,2100000,9.3,дизель,4WD,АКПП,2.0
Лада Веста,2020,1400000,8.7,бензин,передний,вариатор,1.6
Mitsubishi ASX,2012,1140000,8.7,бензин,передний,вариатор,1.8
Opel Astra GTC,2012,999000,9.0,бензин,передний,АКПП,1.4
Kia Cerato,2018,1549000,,бензин,передний,АКПП,2.0
Лада Веста,2018,799000,8.7,бензин,передний,механика,1.6
Kia Soul,2022,2399000,9.2,бензин,передний,АКПП,2.0
Kia Seltos,2021,2399777,9.0,бензин,передний,АКПП,1.6
Volkswagen Touareg,2020,6599777,9.5,бензин,4WD,АКПП,2.0
Audi A5,2016,3239000,9.3,бензин,4WD,робот,2.0
Hyundai Solaris,2020,1599777,9.1,бензин,передний,АКПП,1.6
Peugeot 3008,2020,2250000,,дизель,передний,автомат,1.5
Hyundai i30,2014,999000,9.1,бензин,передний,АКПП,1.6
Hyundai Tucson,2019,1999000,9.2,бензин,4WD,механика,2.0
Лада Веста,2018,1049000,8.7,бензин,передний,механика,1.6
Hyundai Creta,2019,2249777,9.1,бензин,4WD,АКПП,1.6
Hyundai Solaris,2016,1349000,8.8,бензин,передний,АКПП,1.6
Mercedes-Benz M-Class,2014,3499000,9.4,дизель,4WD,АКПП,3.0
Renault Logan,2005,299000,7.9,бензин,передний,механика,1.4
Renault Duster,2017,1499000,,бензин,4WD,АКПП,2.0
Chevrolet Cruze,2011,899000,8.5,бензин,передний,АКПП,1.8
Hyundai Tucson,2007,939000,,бензин,4WD,автомат,2.0
Nissan X-Trail,2019,2399000,9.0,бензин,передний,вариатор,2.0
Chery Tiggo 8 Pro,2022,2999000,,бензин,передний,робот,1.6
Лада Веста,2020,1249000,8.7,бензин,передний,механика,1.6
Renault Logan,2014,649000,7.9,бензин,передний,механика,1.4
Kia Rio,2017,1549000,,бензин,передний,АКПП,1.6
Land Rover Discovery,2008,1299000,8.9,дизель,4WD,АКПП,2.7
Mercedes-Benz E-Class,2011,1350000,9.4,бензин,задний,АКПП,1.8
Лада Веста,2020,1399000,8.7,бензин,передний,вариатор,1.6
Audi A6,2014,1650000,9.4,бензин,передний,вариатор,2.0
Datsun on-DO,2019,699000,8.3,бензин,передний,АКПП,1.6
Hyundai Solaris,2021,1699000,9.1,бензин,передний,АКПП,1.6
Mitsubishi Outlander,2018,2049000,9.0,бензин,4WD,вариатор,2.0
Toyota Land Cruiser Prado,2018,4550000,9.2,дизель,4WD,АКПП,2.8
BMW X7,2019,8499000,9.4,бензин,4WD,АКПП,3.0
Volkswagen Polo,2016,949000,8.7,бензин,передний,механика,1.6
EXEED VX,2023,4400000,,бензин,4WD,робот,2.0
Volkswagen Touareg,2007,999000,9.0,дизель,4WD,АКПП,3.0
Land Rover Discovery,2006,1249000,8.9,дизель,4WD,АКПП,2.7
Vortex Estina,2009,319900,8.0,бензин,передний,механика,2.0
Tank 500,2023,5659000,,бензин,4W,АКПП,3.0
Toyota Supra,1994,4950000,9.2,бензин,задний,механика,3.0
Daewoo Nexia,2011,199000,7.5,бензин,передний,механика,1.5
Chevrolet Lacetti,2008,365000,,бензин,передний,механика,1.4
Renault Megane,2000,100000,7.9,бензин,передний,механика,1.6
Geely Coolray SX11,2023,2499000,9.3,бензин,передний,автомат,1.5
Renault Laguna,2000,60000,8.2,бензин,передний,механика,2.0
Alfa Romeo Giulia,2018,3000000,,бензин,задний,автомат,2.0
Genesis GV70,2021,5699000,,бензин,4WD,АКПП,2.5
Kia Sorento,2020,2909000,8.8,бензин,4WD,АКПП,2.4
Skoda Karoq,2019,3070000,9.0,бензин,4WD,робот,2.0
Hyundai Solaris,2012,770000,8.8,бензин,передний,механика,1.6
OMODA C5,2023,2749900,,бензин,передни,вариатор,1.5
OMODA C5,2023,2749900,,бензин,передни,вариатор,1.5
OMODA C5,2023,2749900,,бензин,передни,вариатор,1.5
OMODA C5,2023,2479900,,бензин,передни,вариатор,1.5
OMODA C5,2023,2479900,,бензин,передни,вариатор,1.5
OMODA C5,2023,2479900,,бензин,передни,вариатор,1.5
OMODA C5,2023,2479900,,бензин,передни,вариатор,1.5
OMODA C5,2023,2479900,,бензин,передни,вариатор,1.5
OMODA C5,2023,2479900,,бензин,передни,вариатор,1.5
OMODA C5,2023,2479900,,бензин,передни,вариатор,1.5
OMODA C5,2023,2479900,,бензин,передни,вариатор,1.5
OMODA C5,2023,2479900,,бензин,передни,вариатор,1.5
OMODA C5,2023,2479900,,бензин,передни,вариатор,1.5
OMODA C5,2023,2479900,,бензин,передни,вариатор,1.5
OMODA C5,2023,2479900,,бензин,передни,вариатор,1.5
OMODA C5,2023,2479900,,бензин,передни,вариатор,1.5
OMODA C5,2023,2479900,,бензин,передни,вариатор,1.5
OMODA C5,2023,2479900,,бензин,передни,вариатор,1.5
OMODA C5,2023,2479900,,бензин,передни,вариатор,1.5
OMODA C5,2023,2479900,,бензин,передни,вариатор,1.5
OMODA C5,2023,2479900,,бензин,передни,вариатор,1.5
OMODA C5,2023,2479900,,бензин,передни,вариатор,1.5
OMODA C5,2023,2479900,,бензин,передни,вариатор,1.5
OMODA C5,2023,2479900,,бензин,передни,вариатор,1.5
EXEED RX,2023,5450000,,бензин,4W,робот,2.0
EXEED RX,2023,5450000,,бензин,4W,робот,2.0
EXEED RX,2023,5450000,,бензин,4W,робот,2.0
EXEED RX,2023,5450000,,бензин,4W,робот,2.0
OMODA S5,2023,2329900,,бензин,передни,вариатор,1.5
OMODA S5,2023,2329900,,бензин,передни,вариатор,1.5
OMODA S5,2023,2329900,,бензин,передни,вариатор,1.5
EXEED RX,2023,5450000,,бензин,4W,робот,2.0
OMODA S5,2023,2329900,,бензин,передни,вариатор,1.5
OMODA S5,2023,2329900,,бензин,передни,вариатор,1.5
OMODA S5,2023,2329900,,бензин,передни,вариатор,1.5
OMODA S5,2023,2329900,,бензин,передни,вариатор,1.5
OMODA S5,2023,2329900,,бензин,передни,вариатор,1.5
OMODA S5,2023,2329900,,бензин,передни,вариатор,1.5
OMODA S5,2023,2329900,,бензин,передни,вариатор,1.5
OMODA S5,2023,2329900,,бензин,передни,вариатор,1.5
OMODA S5,2023,2329900,,бензин,передни,вариатор,1.5
Subaru Impreza,2008,799900,8.5,бензин,4WD,механика,1.5
OMODA S5,2023,2329900,,бензин,передни,вариатор,1.5
OMODA S5,2023,2329900,,бензин,передни,вариатор,1.5
OMODA S5,2023,2329900,,бензин,передни,вариатор,1.5
OMODA C5,2023,2619900,,бензин,передни,вариатор,1.5
Changan CS75 Plus,2023,2950000,,бензин,передний,АКПП,1.5
OMODA C5,2023,2619900,,бензин,передни,вариатор,1.5
OMODA C5,2023,2619900,,бензин,передни,вариатор,1.5
OMODA C5,2023,2479900,,бензин,передни,вариатор,1.5
OMODA C5,2023,2479900,,бензин,передни,вариатор,1.5
OMODA C5,2023,2479900,,бензин,передни,вариатор,1.5
OMODA S5,2023,2219900,,бензин,передни,вариатор,1.5
OMODA S5,2023,2219900,,бензин,передни,вариатор,1.5
OMODA S5,2023,2219900,,бензин,передни,вариатор,1.5
OMODA C5,2023,2619900,,бензин,передни,вариатор,1.5
OMODA C5,2023,2619900,,бензин,передни,вариатор,1.5
OMODA C5,2023,2819900,,бензин,передни,вариатор,1.5
OMODA C5,2023,2619900,,бензин,передни,вариатор,1.5
OMODA C5,2023,2949900,,бензин,передни,вариатор,1.5
OMODA C5,2023,3309900,,бензин,4W,робот,1.6
OMODA S5,2023,2319900,,бензин,передни,вариатор,1.5
OMODA C5,2023,2949900,,бензин,передни,вариатор,1.5
OMODA C5,2023,2819900,,бензин,передни,вариатор,1.5
OMODA C5,2023,3139900,,бензин,4W,робот,1.6
OMODA C5,2023,2949900,,бензин,передни,вариатор,1.5
OMODA C5,2023,3309900,,бензин,4W,робот,1.6
OMODA C5,2023,3309900,,бензин,4W,робот,1.6
OMODA C5,2023,2819900,,бензин,передни,вариатор,1.5
OMODA C5,2023,2949900,,бензин,передни,вариатор,1.5
OMODA C5,2023,3139900,,бензин,4W,робот,1.6
OMODA C5,2023,2819900,,бензин,передни,вариатор,1.5
OMODA C5,2023,2949900,,бензин,передни,вариатор,1.5
OMODA C5,2023,2949900,,бензин,передни,вариатор,1.5
OMODA C5,2023,3309900,,бензин,4W,робот,1.6
OMODA S5,2023,2319900,,бензин,передни,вариатор,1.5
OMODA C5,2023,2949900,,бензин,передни,вариатор,1.5
OMODA C5,2023,2819900,,бензин,передни,вариатор,1.5
OMODA C5,2023,2949900,,бензин,передни,вариатор,1.5
OMODA C5,2023,2949900,,бензин,передни,вариатор,1.5
OMODA C5,2023,2819900,,бензин,передни,вариатор,1.5
OMODA C5,2023,2679900,,бензин,передни,вариатор,1.5
OMODA C5,2023,3169900,,бензин,4W,робот,1.6
OMODA C5,2023,2619900,,бензин,передни,вариатор,1.5
Volkswagen Polo,2015,950000,8.7,бензин,передний,механика,1.6
Hyundai Creta,2020,1999000,,бензин,передний,АКПП,1.6
OMODA C5,2023,2749900,,бензин,передни,вариатор,1.5
OMODA C5,2023,2479900,,бензин,передни,вариатор,1.5
OMODA C5,2023,2479900,,бензин,передни,вариатор,1.5
OMODA C5,2023,2479900,,бензин,передни,вариатор,1.5
OMODA C5,2023,2479900,,бензин,передни,вариатор,1.5
OMODA C5,2023,2479900,,бензин,передни,вариатор,1.5
OMODA C5,2023,2479900,,бензин,передни,вариатор,1.5
OMODA C5,2023,2479900,,бензин,передни,вариатор,1.5
OMODA S5,2023,2329900,,бензин,передни,вариатор,1.5
OMODA S5,2023,2329900,,бензин,передни,вариатор,1.5
OMODA S5,2023,2329900,,бензин,передни,вариатор,1.5
OMODA S5,2023,2329900,,бензин,передни,вариатор,1.5
OMODA S5,2023,2329900,,бензин,передни,вариатор,1.5
Лада Гранта,2018,849999,8.1,бензин,передний,робот,1.6
OMODA C5,2023,2619900,,бензин,передни,вариатор,1.5
OMODA C5,2023,2479900,,бензин,передни,вариатор,1.5
OMODA S5,2023,2219900,,бензин,передни,вариатор,1.5
Mercedes-Benz GLK-Class,2013,2300000,9.2,дизель,4WD,АКПП,2.1
УАЗ Патриот,2023,1630000,8.1,бензин,4W,механика,2.7
Mazda Mazda6,2013,1589000,9.4,бензин,передний,АКПП,2.0
Nissan Juke,2014,1399000,8.8,бензин,передний,вариатор,1.6
Geely Coolray SX11,2023,3149000,,бензин,передний,автомат,1.5
Volkswagen Polo,2021,1849000,9.0,бензин,передний,механика,1.6
Geely Coolray SX11,2020,2049000,9.3,бензин,передний,робот,1.5
Chevrolet Captiva,2013,1360000,8.6,дизель,4WD,АКПП,2.2
Volkswagen Teramont,2019,4699000,8.8,бензин,4WD,АКПП,3.6
Skoda Superb,2021,3749000,9.4,бензин,передний,робот,2.0
Volkswagen Tiguan,2018,2649000,9.4,бензин,передний,робот,1.4
Volkswagen Tiguan,2018,2649000,9.4,бензин,передний,робот,1.4
Volkswagen Polo,2020,1749000,9.0,бензин,передний,механика,1.6
Daewoo Nexia,2005,190000,7.5,бензин,передний,механика,1.5
Лада 2109,1995,99000,7.4,бензин,передний,механика,1.5
Лада Калина,2009,199700,7.8,бензин,передний,механика,1.6
Ford Mondeo,2001,369700,8.4,бензин,передний,АКПП,2.0
Skoda Octavia,1999,274700,8.4,бензин,передний,механика,1.6
Jaguar F-Pace,2019,3420000,8.9,дизель,4WD,АКПП,2.0
OMODA S5 GT,2023,2739900,,бензин,передни,робот,1.6
OMODA S5 GT,2023,2739900,,бензин,передни,робот,1.6
OMODA S5 GT,2023,2739900,,бензин,передни,робот,1.6
OMODA S5 GT,2023,2739900,,бензин,передни,робот,1.6
OMODA S5 GT,2023,2739900,,бензин,передни,робот,1.6
Volvo XC60,2018,3199000,9.0,дизель,4WD,АКПП,2.0
OMODA S5 GT,2023,2739900,,бензин,передни,робот,1.6
Chery Tiggo 7 Pro,2020,2149000,,бензин,передний,вариатор,1.5
Nissan Terrano,2018,1675000,8.4,бензин,4WD,АКПП,2.0
OMODA S5 GT,2023,2739900,,бензин,передни,робот,1.6
OMODA S5 GT,2023,2739900,,бензин,передни,робот,1.6
OMODA S5 GT,2023,2739900,,бензин,передни,робот,1.6
OMODA S5 GT,2023,2739900,,бензин,передни,робот,1.6
OMODA S5 GT,2023,2739900,,бензин,передни,робот,1.6
OMODA S5 GT,2023,2739900,,бензин,передни,робот,1.6
OMODA S5 GT,2023,2739900,,бензин,передни,робот,1.6
OMODA S5 GT,2023,2739900,,бензин,передни,робот,1.6
OMODA S5 GT,2023,2739900,,бензин,передни,робот,1.6
Volkswagen Caddy,2008,555000,8.5,бензин,передний,механика,1.4
Toyota Camry,2021,4399000,9.4,бензин,передний,АКПП,3.5
Fiat 500,2009,520000,8.6,бензин,передний,механика,1.2
Kia K5,2021,2759000,9.3,бензин,передний,АКПП,2.5
Лада Веста Кросс,2018,1260000,8.7,бензин,передний,робот,1.8
Ford Tourneo Connect,2019,2190000,,дизель,передний,механика,1.5
Лада Ларгус Кросс,2019,1300000,8.3,бензин,передний,механика,1.6
Kia Carnival,2019,3350000,9.3,дизель,передний,АКПП,2.2
Volkswagen Polo,2012,894000,8.7,бензин,передний,АКПП,1.6
Volkswagen Touareg,2018,4901000,9.5,бензин,4WD,АКПП,3.0
BMW X3,2018,3614000,9.4,дизель,4WD,АКПП,2.0
Kia Sorento,2019,2993000,9.3,дизель,4WD,АКПП,2.2
Kia Cerato,2019,1957000,,бензин,передний,АКПП,2.0
Volkswagen Polo,2017,1421000,8.7,бензин,передний,робот,1.4
Kia Cerato,2021,2524000,9.3,бензин,передний,АКПП,2.0
Ford EcoSport,2016,1372000,8.7,бензин,передний,автомат,1.6
Geely Monjaro,2023,4964990,,бензин,4W,АКПП,2.0
Geely Atlas,2020,1957000,,бензин,4WD,автомат,2.4
Geely Monjaro,2023,4864990,,бензин,4W,АКПП,2.0
Geely Monjaro,2023,4964990,,бензин,4W,АКПП,2.0
Geely Monjaro,2023,4964990,,бензин,4W,АКПП,2.0
Geely Monjaro,2023,5050000,,бензин,4W,АКПП,2.0
Geely Monjaro,2023,4964990,,бензин,4W,АКПП,2.0
Geely Monjaro,2023,4964990,,бензин,4W,АКПП,2.0
Toyota Camry,2020,3550000,9.4,бензин,передний,АКПП,2.5
Porsche Cayenne,2018,7900000,9.0,бензин,4WD,АКПП,3.0
Ford Explorer,1991,55000,8.3,бензин,4WD,АКПП,4.0
Mercedes-Benz C-Class,2017,4029000,9.5,бензин,4WD,АКПП,3.0
Лада 2111,2001,79000,7.4,бензин,передний,механика,1.5
Audi A3,2011,850000,9.0,бензин,передний,робот,1.4
Hyundai Getz,2007,475000,8.4,бензин,передний,механика,1.4
Hyundai Creta,2017,1489000,9.1,бензин,передний,АКПП,2.0
Kia Sportage,2018,2359000,9.1,бензин,4WD,АКПП,2.0
Chevrolet Spark,2011,659000,,бензин,передний,автомат,1.0
Лада 2106,1999,50000,7.5,бензин,задний,механика,1.6
Chevrolet Cruze,2014,919000,8.5,бензин,передний,механика,1.6
Audi Q5,2012,1958000,9.2,бензин,4WD,АКПП,2.0
Kia Soul,2018,1839000,9.1,бензин,передний,АКПП,2.0
Hyundai Matrix,2009,519000,8.3,бензин,передний,механика,1.8
Cadillac SRX,2015,2449000,9.1,бензин,4WD,АКПП,3.0
Porsche Cayenne,2023,23247910,9.0,бензин,4W,АКПП,3.0
Honda Stepwgn,2016,2000000,9.5,бензин,4WD,вариатор,1.5
Land Rover Discovery,1999,575000,8.4,дизель,4WD,АКПП,2.5
Zeekr 001,2023,8250000,,электро,4W,автомат,
Kia Cerato,2019,2080000,,бензин,передний,АКПП,2.0
Mercedes-Benz GLK-Class,2011,1599000,9.2,дизель,4WD,АКПП,2.1
Hyundai Creta,2016,1850000,9.1,бензин,4WD,АКПП,2.0
Toyota C-HR,2019,2250000,9.4,бензин,передний,вариатор,1.2
Renault Duster,2018,1599000,,бензин,4WD,АКПП,2.0
Лада 2107,2005,52000,7.7,бензин,задний,механика,1.6
Subaru Legacy B4,2006,620000,9.0,бензин,4WD,механика,2.0
Honda Civic,2006,530000,9.1,бензин,передний,механика,1.8
Opel Vectra,1997,87000,8.1,бензин,передний,механика,1.6
Opel Omega,1996,135000,8.2,бензин,задний,механика,2.5
Skoda Octavia,2016,1539000,9.2,бензин,передний,АКПП,1.6
Volkswagen Passat,2019,2300000,9.4,дизель,передний,робот,1.6
BMW 7-Series,2021,9100000,9.3,дизель,4WD,АКПП,3.0
BMW 3-Series,1996,200000,8.4,бензин,задний,механика,1.6
Volvo C40,2022,5400000,,электро,передний,АКПП,
Лада 2107,2008,100000,7.7,бензин,задний,механика,1.6
Mazda Mazda3,2004,365000,8.8,бензин,передний,АКПП,1.6
Mazda Mazda3,2005,435000,8.8,бензин,передний,механика,2.0
Mazda 626,1993,50000,8.3,бензин,передний,механика,2.0
Kia Sorento,2022,6260000,9.2,бензин,4W,АКПП,2.5
Skoda Octavia,2018,2050777,9.2,бензин,передний,робот,1.8
Geely Monjaro,2023,4250777,,бензин,4WD,АКПП,2.0
Hyundai Creta,2021,2100777,9.1,бензин,передний,АКПП,1.6
Renault Sandero,2011,529000,8.1,бензин,передний,механика,1.4
Лада Веста,2017,915000,8.7,бензин,передний,механика,1.6
Nissan NV200,2017,1750000,8.5,бензин,передний,АКПП,1.6
Лада Приора,2008,195000,8.2,бензин,передний,механика,1.6
Land Rover Discovery,2010,1680000,9.3,дизель,4WD,АКПП,3.0
Kia Sportage,2021,2649000,,бензин,4WD,АКПП,2.0
GAC GS5,2023,2799900,,бензин,передни,АКПП,1.5
Kia K5,2021,2899000,9.3,бензин,передний,АКПП,2.5
GAC GS5,2023,2655000,,бензин,передни,АКПП,1.5
Kia Ceed,2014,599000,9.0,бензин,передний,механика,1.6
Hyundai Solaris,2012,880000,8.8,бензин,передний,АКПП,1.6
Лада Гранта,2020,817000,8.1,бензин,передний,механика,1.6
Лада 4x4 2121 Нива,2021,949000,7.4,бензин,4WD,механика,1.7
Ford Kuga,2019,2140000,9.0,бензин,передний,АКПП,2.5
Kia Soul,2014,1590000,9.1,бензин,передний,АКПП,1.6
Peugeot 308,2008,499000,8.4,бензин,передний,АКПП,1.6
Subaru Impreza,2019,1400000,9.1,бензин,передний,вариатор,1.6
Skoda Superb,2011,900000,9.2,бензин,передний,автомат,1.8
Peugeot 206,2007,338000,7.9,бензин,передний,АКПП,1.4
Chevrolet Lacetti,2006,395000,,бензин,передний,механика,
Peugeot 308,2011,623000,8.4,бензин,передний,АКПП,1.6
Mitsubishi Galant,1999,273000,8.5,бензин,передний,автомат,2.4
Chevrolet Aveo,2007,430000,8.0,бензин,передний,механика,1.4
Chery Kimo A1,2011,245000,7.9,бензин,передний,механика,1.3
Hyundai Accent,2008,369000,8.1,бензин,передний,АКПП,1.5
Opel Astra,2007,372000,8.6,дизель,передний,механика,1.2
Kia Rio,2010,645000,8.4,бензин,передний,АКПП,1.4
Opel Astra GTC,2006,445000,8.7,бензин,передний,АКПП,1.8
Chevrolet Rezzo,2008,315000,8.1,бензин,передний,механика,1.6
Chevrolet Lanos,2007,155000,7.5,бензин,передний,механика,1.5
Volkswagen Tiguan,2020,2659000,9.4,бензин,передний,механика,1.4
Chery M11,2010,305000,8.3,бензин,передний,механика,1.6
Volkswagen Polo,2021,1899000,9.0,бензин,передний,АКПП,1.6
Kia Picanto,2006,425000,,бензин,передний,автомат,1.1
Chery Bonus A13,2011,267000,8.1,бензин,передний,механика,1.5
BMW 3-Series,2020,3899000,9.5,дизель,задний,АКПП,2.0
Peugeot 207,2007,459000,8.5,бензин,передний,АКПП,1.6
Volkswagen Polo,2020,1899000,9.0,бензин,передний,робот,1.4
Subaru Forester,2006,620000,8.7,бензин,4WD,АКПП,2.0
Лада Приора,2009,253000,8.2,бензин,передний,механика,1.6
Great Wall Hover H5,2011,899000,8.5,бензин,4WD,механика,2.4
Лада 2114 Самара,2009,163000,7.9,бензин,передний,механика,1.6
Nissan Note,2007,467000,8.4,бензин,передний,механика,1.4
Vortex Tingo,2011,490000,8.0,бензин,передний,механика,1.8
Лада Приора,2016,515000,8.2,бензин,передний,механика,
BMW X3,2018,4350000,9.4,дизель,4WD,АКПП,2.0
Hyundai ix35,2013,1599000,8.7,бензин,4WD,АКПП,2.0
Kia Sorento,2019,2945000,9.3,бензин,4WD,АКПП,2.4
Hyundai ix35,2012,1449789,8.7,бензин,4WD,АКПП,2.0
Porsche Cayenne,2012,2989789,9.5,дизель,4WD,АКПП,3.0
Mitsubishi Pajero Sport,2008,799000,8.5,дизель,4WD,механика,2.5
Skoda Octavia,2010,749777,8.9,бензин,передний,механика,1.4
Volkswagen Golf,2006,649777,8.9,бензин,передний,механика,1.6
Renault Arkana,2019,1849888,,бензин,передний,автомат,1.3
BMW 3-Series,2012,1649888,9.4,бензин,задний,АКПП,2.0
Hyundai Creta,2019,1889888,9.1,бензин,передний,АКПП,1.6
Audi TT,2019,3850000,,бензин,передний,робот,2.0
Skoda Octavia,2011,854582,8.9,бензин,передний,механика,1.4
Ford Kuga,2014,1674741,9.0,бензин,передний,АКПП,2.5
Skoda Superb,2013,1463540,9.2,бензин,передний,робот,1.8
Skoda Octavia,2010,1026570,8.9,бензин,передний,робот,1.8
Skoda Octavia,2017,1928668,9.2,бензин,передний,робот,1.4
Volkswagen Tiguan,2012,1349055,9.0,бензин,передний,робот,1.4
Audi Q7,2016,4399000,9.5,дизель,4WD,АКПП,3.0
Mercedes-Benz S-Class,2018,5749000,9.5,дизель,4WD,АКПП,2.9
Skoda Rapid,2016,1538248,8.9,бензин,передний,АКПП,1.6
BMW X5,2001,777777,9.0,бензин,4WD,АКПП,4.4
Ford Kuga,2017,2037201,9.0,бензин,передний,АКПП,2.5
Skoda Yeti,2015,1501847,8.7,бензин,передний,АКПП,1.6
Skoda Rapid,2018,1330646,8.9,бензин,передний,механика,1.6
Skoda Rapid,2020,1517620,,бензин,передний,механика,1.6
Skoda Rapid,2019,1464774,,бензин,передний,АКПП,1.6
Lexus RX350,2023,11200000,,бензин,4WD,автомат,2.4
Mercedes-Benz V-Class,2019,6650000,9.1,дизель,4WD,АКПП,2.1
Geely Tugella FY11,2023,3893990,,бензин,4W,АКПП,2.0
Nissan Note,2008,690000,8.4,бензин,передний,АКПП,1.6
Geely Tugella FY11,2023,3893990,,бензин,4W,АКПП,2.0
Geely Tugella FY11,2023,3893990,,бензин,4W,АКПП,2.0
Geely Tugella FY11,2023,4164900,,бензин,4W,АКПП,2.0
Geely Tugella FY11,2023,4164900,,бензин,4W,АКПП,2.0
Geely Monjaro,2023,4861990,,бензин,4W,АКПП,2.0
Mitsubishi Lancer,2014,798800,8.8,бензин,передний,механика,1.6
Hyundai Solaris,2012,930000,8.8,бензин,передний,АКПП,1.6
Geely Monjaro,2023,4861990,,бензин,4W,АКПП,2.0
Geely Monjaro,2023,4864990,,бензин,4W,АКПП,2.0
Geely Monjaro,2023,4861990,,бензин,4W,АКПП,2.0
Daewoo Nexia,2012,165000,7.5,бензин,передний,механика,1.5
Geely Monjaro,2023,4964990,,бензин,4W,АКПП,2.0
Geely Monjaro,2023,4928000,,бензин,4W,АКПП,2.0
Geely Monjaro,2023,4928000,,бензин,4W,АКПП,2.0
Geely Monjaro,2023,4594000,,бензин,4W,АКПП,2.0
Geely Monjaro,2023,4594000,,бензин,4W,АКПП,2.0
Geely Monjaro,2023,4594000,,бензин,4W,АКПП,2.0
Geely Monjaro,2023,4594000,,бензин,4W,АКПП,2.0
Geely Tugella FY11,2023,4164900,,бензин,4W,АКПП,2.0
Geely Monjaro,2023,4928000,,бензин,4W,АКПП,2.0
Лада Ларгус Кросс,2019,1549000,8.3,бензин,передний,механика,1.6
Лада 2109,1992,110000,7.4,бензин,передний,механика,1.5
Nissan Leaf,2013,750000,9.2,электро,передний,АКПП,
Mercedes-Benz CLA-Class,2014,2110000,9.3,бензин,передний,робот,1.6
Volvo S60,2015,1830000,9.2,бензин,передний,АКПП,2.0
Lexus NX200,2016,2730000,9.2,бензин,4WD,вариатор,2.0
BMW 6-Series,2014,2780000,9.3,бензин,4WD,АКПП,3.0
MINI Countryman,2013,2100000,8.8,бензин,4WD,АКПП,1.6
Mercedes-Benz GLA-Class,2014,2490000,9.3,бензин,4WD,робот,2.0
Changan CS75 Plus,2023,2950000,,бензин,передний,АКПП,1.5
Changan CS75 Plus,2023,2950000,,бензин,передний,АКПП,1.5
Changan CS75 Plus,2023,2950000,,бензин,передний,АКПП,1.5
Changan CS75 Plus,2023,2950000,,бензин,передний,АКПП,1.5
Changan CS75 Plus,2023,2950000,,бензин,передний,АКПП,1.5
Changan CS75 Plus,2023,2950000,,бензин,передний,АКПП,1.5
Mitsubishi Outlander,2019,3500000,9.0,бензин,4WD,вариатор,2.0
Toyota Land Cruiser,2011,2684000,9.4,дизель,4WD,АКПП,4.5
BMW X5,2016,3499000,9.5,дизель,4WD,АКПП,3.0
GAC GS5,2023,2309000,,бензин,передни,АКПП,1.5
GAC GS5,2023,2559000,,бензин,передни,АКПП,1.5
GAC GS5,2023,2509000,,бензин,передни,АКПП,1.5
Peugeot 208,2013,974000,8.9,бензин,передний,АКПП,1.6
BMW X5,2020,9300000,9.5,дизель,4WD,АКПП,3.0
Toyota RAV4,2016,2349000,9.2,бензин,передний,вариатор,2.0
Porsche Taycan,2023,15900000,,автомат,211 к,4WD,
Skoda Superb,2013,1249000,9.2,бензин,передний,робот,1.8
BMW 4-Series,2018,4400000,9.0,дизель,4WD,АКПП,2.0
BMW X1,2017,2199000,9.2,бензин,передний,автомат,2.0
Toyota Succeed,2019,1740000,8.2,бензин,передний,вариатор,1.5
Ford Mondeo,2019,1830000,9.1,бензин,передний,автомат,1.5
Лада 2107,2010,85000,7.7,бензин,задний,механика,1.6
Kia Ceed,2021,2369000,9.2,бензин,передний,АКПП,1.6
Lexus NX200,2019,4100000,9.2,бензин,4WD,вариатор,2.0
Kia Soul,2012,1326000,8.7,бензин,передний,механика,1.6
Skoda Fabia,2008,635000,8.6,бензин,передний,АКПП,1.6
Skoda Yeti,2017,1695000,8.7,бензин,4WD,робот,1.8
Nissan Juke,2012,1340000,8.8,бензин,передний,вариатор,1.6
Skoda Superb,2013,969000,,бензин,передний,автомат,1.8
Ford EcoSport,2017,1350000,8.7,бензин,передний,автомат,1.6
Subaru Impreza,2007,600000,8.5,бензин,4WD,механика,1.5
Volkswagen Tiguan,2012,1375000,9.0,бензин,передний,робот,1.4
Citroen C-Crosser,2011,1070000,8.9,бензин,4WD,вариатор,2.4
Hyundai Solaris,2021,1730000,9.1,бензин,передний,АКПП,1.6
Chevrolet Cruze,2012,700000,8.5,бензин,передний,АКПП,1.6
Renault Megane,2006,419000,,бензин,передний,механика,1.6
Hyundai Creta,2017,1740000,9.1,бензин,передний,АКПП,1.6
Skoda Superb,2009,999000,9.2,дизель,передний,робот,2.0
Volkswagen Jetta,2008,680000,8.7,бензин,передний,механика,1.6
Renault Arkana,2022,2340000,8.8,бензин,передний,вариатор,1.6
Chevrolet Cruze,2013,750000,8.5,бензин,передний,механика,1.8
Ford Fusion,2007,540000,,бензин,передний,механика,1.6
BMW 5-Series,2004,1240000,9.2,бензин,задний,АКПП,3.0
Mercedes-Benz GLC,2016,3310000,9.2,бензин,4WD,АКПП,2.0
BMW 3-Series,2013,2345000,9.4,бензин,задний,АКПП,2.0
Opel Vectra,1999,135000,,бензин,передний,механика,1.6
Kia Telluride,2023,6560000,,бензин,4WD,автомат,3.8
Kia Telluride,2023,6560000,,бензин,4WD,автомат,3.8
Kia Telluride,2023,6560000,,бензин,4WD,автомат,3.8
Ford Focus,2007,260000,8.6,бензин,передний,механика,1.4
Skoda Octavia,2001,320000,8.4,бензин,передний,механика,1.6
Toyota Corolla,2005,550000,8.6,бензин,передний,механика,1.6
Suzuki Swift,2003,320000,8.1,бензин,передний,АКПП,1.3
Honda Accord,2007,740000,9.2,бензин,передний,АКПП,2.4
Mitsubishi L200,2014,1600000,8.4,дизель,4WD,АКПП,2.5
Mercedes-Benz GL-Class,2010,2100000,9.1,дизель,4WD,АКПП,3.0
Land Rover Discovery,2013,2000000,9.3,дизель,4WD,АКПП,3.0
Hyundai Santa Fe,2022,5780000,9.2,бензин,4WD,автомат,3.5
Subaru Outback,2011,1800000,9.1,бензин,4WD,вариатор,2.5
Datsun on-DO,2016,520000,8.3,бензин,передний,механика,1.6
Ford C-MAX,2007,599000,8.3,бензин,передний,АКПП,2.0
Лада 2115 Самара,2005,140000,7.7,бензин,передний,механика,1.5
Лада 2115 Самара,2005,140000,7.7,бензин,передний,механика,1.5
Ford Mondeo,2007,520000,9.0,бензин,передний,механика,2.0
Audi A3,2014,1249000,9.2,бензин,передний,робот,1.2
Toyota Vanguard,2008,500000,8.8,бензин,4WD,вариатор,2.4
Hyundai Solaris,2021,1939000,9.1,бензин,передний,АКПП,1.6
Lexus RX300,2018,4759000,9.4,бензин,4WD,АКПП,2.0
Mitsubishi Pajero,2011,2224000,8.9,дизель,4WD,АКПП,3.2
Kia K8,2022,5094000,,бензин,4WD,автомат,3.5
Opel Corsa,2012,890000,8.5,бензин,передний,АКПП,1.4
Ford Focus,2011,652000,8.6,бензин,передний,механика,1.4
Jeep Grand Cherokee,2014,2990000,9.4,бензин,4WD,АКПП,6.4
Haval F7x,2022,2610000,,бензин,передний,робот,1.5
BMW X4,2017,3890000,9.1,дизель,4WD,АКПП,3.0
Haval F7x,2021,2150000,,бензин,передний,робот,1.5
Hyundai Lantra,1996,125000,8.0,бензин,передний,механика,1.8
Mitsubishi Galant,2001,200000,8.5,бензин,передний,АКПП,2.4
Bentley Azure,2006,15200000,,бензин,задний,АКПП,6.8
Tank 500,2023,6359000,,бензин,4W,АКПП,3.0
Geely Monjaro,2023,4210000,,бензин,4WD,АКПП,2.0
Volkswagen Passat,2019,2300000,9.4,дизель,передний,робот,1.6
Лада Ларгус,2017,899999,8.4,бензин,передний,механика,1.6
Mitsubishi ASX,2014,1519000,8.7,бензин,передний,вариатор,1.8
Hyundai Accent,2003,115000,8.1,бензин,передний,механика,1.5
Audi A5,2022,6938000,,бензин,4W,автомат,2.0
Mercedes-Benz C-Class,2016,1850000,9.5,бензин,задний,АКПП,1.6
Honda CR-V,2023,6290000,,бензин,4W,вариатор,1.5
Kia Ceed,2010,850000,8.6,бензин,передний,механика,1.6
Haval Dargo,2023,3429000,,бензин,4W,робот,2.0
Li L9,2023,11443680,,гибрид,4W,автомат,
Li L9,2023,11657620,,гибрид,4W,автомат,
BMW X7,2023,19799000,9.4,бензин,4W,АКПП,3.0
BMW X6,2023,16100000,9.3,дизель,4W,АКПП,3.0
Nissan DAYZ,2018,950000,8.7,бензин,передний,автомат,0.7
Mazda CX-5,2016,1869000,,бензин,передний,АКПП,2.0
Land Rover Range Rover,2019,11900000,9.5,дизель,4WD,АКПП,3.0
Cadillac XT5,2017,3300000,,бензин,4WD,АКПП,3.6
Kia Cerato,2021,2490000,9.3,бензин,передний,АКПП,2.0
Лада Гранта,2021,949777,8.1,бензин,передний,механика,1.6
Mercedes-Benz GLC,2021,5500000,9.2,бензин,4WD,АКПП,2.0
Nissan Qashqai,2018,2050000,9.0,бензин,4WD,вариатор,2.0
Citroen C4,2021,1899777,8.8,бензин,передний,АКПП,1.6
Kia K5,2020,2300777,9.3,бензин,передний,АКПП,2.0
Lexus RX350,2013,2900000,9.4,бензин,4WD,АКПП,3.5
Mazda Mazda6,2009,980000,9.1,бензин,передний,механика,1.8
Renault Kaptur,2018,1990000,8.7,бензин,4WD,АКПП,2.0
Honda CR-V,2011,1685777,9.0,бензин,4WD,АКПП,2.4
Kia Rio X (X-Line),2021,2198400,9.1,бензин,передний,АКПП,1.6
Mitsubishi Outlander,2011,1299000,8.9,бензин,4WD,вариатор,2.0
Kia K5,2022,3199000,9.3,бензин,передний,АКПП,2.0
Лада Веста Кросс,2019,1249000,8.7,бензин,передний,механика,1.6
Volkswagen Polo,2020,1849000,9.0,бензин,передний,АКПП,1.6
Tank 500,2023,6299000,,бензин,4W,АКПП,3.0
Renault Megane,2013,990000,8.8,бензин,передний,механика,1.6
Land Rover Range Rover Sport,2021,9550000,9.4,дизель,4WD,АКПП,3.0
Skoda Rapid,2017,1399888,8.9,бензин,передний,АКПП,1.6
Changan UNI-K,2023,4790000,,бензин,4W,АКПП,2.0
Land Rover Defender,2022,13297000,,дизель,4W,АКПП,3.0
Vortex Tingo,2010,409000,8.0,бензин,передний,механика,1.8
Лада Гранта,2015,315000,8.1,бензин,передний,механика,
Jetour X90 Plus,2023,3669900,,бензин,передни,робот,2.0
Geely Atlas Pro,2023,3043990,,бензин,4W,автомат,1.5
Geely Atlas Pro,2023,3243990,,бензин,4W,автомат,1.5
Geely Atlas Pro,2023,3243990,,бензин,4W,автомат,1.5
Honda Freed,2019,1800000,9.4,бензин,передний,вариатор,1.5
Subaru Forester,2014,1789000,9.1,бензин,4WD,вариатор,2.0
Kia Sportage,2015,1349000,8.8,бензин,передний,АКПП,2.0
Nissan X-Trail,2011,1890000,8.7,бензин,4WD,вариатор,2.5
Mercedes-Benz M-Class,2014,3019000,9.4,дизель,4WD,АКПП,3.0
Toyota Corolla,2008,779000,9.0,бензин,передний,механика,1.6
Mazda CX-5,2018,3320000,9.4,бензин,4WD,АКПП,2.5
Lifan X50,2017,829000,8.9,бензин,передний,вариатор,1.5
Opel Corsa,2012,725000,8.5,бензин,передний,робот,1.2
Peugeot 508,2012,799000,8.8,бензин,передний,АКПП,1.6
Li L9,2023,11443680,,гибрид,4WD,автомат,
Li L9,2023,11657620,,гибрид,4WD,автомат,
BMW 5-Series,2019,2949000,9.6,дизель,задний,АКПП,2.0
Volkswagen Tiguan,2018,2848300,9.4,бензин,передний,робот,1.4
Audi Q8,2022,9990000,9.1,дизель,4WD,АКПП,3.0
Skoda Octavia,2013,958200,8.9,бензин,передний,механика,1.6
Kia Soul,2011,1149000,,бензин,передний,автомат,1.6
Skoda Kodiaq,2023,5700000,9.2,бензин,4WD,робот,2.0
Chevrolet Niva,2011,510000,7.6,бензин,4WD,механика,1.7
Ford Fiesta,2005,320000,,бензин,передний,механика,1.3
Hyundai Solaris,2011,790000,8.8,бензин,передний,АКПП,1.6
Ford Focus,2012,820000,8.9,бензин,передний,механика,
Geely Monjaro,2023,4861990,,бензин,4W,АКПП,2.0
Geely Monjaro,2023,4861990,,бензин,4W,АКПП,2.0
Geely Monjaro,2023,4594000,,бензин,4W,АКПП,2.0
Geely Monjaro,2023,4594000,,бензин,4W,АКПП,2.0
Geely Monjaro,2023,4928000,,бензин,4W,АКПП,2.0
Geely Monjaro,2023,4928000,,бензин,4W,АКПП,2.0
Porsche Cayenne,2005,679990,9.1,бензин,4WD,АКПП,3.2
Dodge Intrepid,2001,499900,,бензин,передний,автомат,2.7
Audi Q7,2009,2100000,,дизель,4WD,автомат,3.0
Changan UNI-K,2023,4640000,,бензин,4W,АКПП,2.0
Genesis G90,2022,17500000,,бензин,4W,автомат,3.5
Genesis G90,2022,17500000,,бензин,4W,автомат,3.5
Hyundai Solaris,2018,1318000,9.1,бензин,передний,АКПП,1.6
Ford Focus,2012,1029000,8.9,бензин,передний,робот,2.0
Chevrolet Cruze,2013,1099999,8.5,бензин,передний,АКПП,1.8
Chevrolet Orlando,2012,1699999,8.6,бензин,передний,АКПП,1.8
Skoda Fabia,2013,1047000,8.6,бензин,передний,робот,1.2
Hyundai ix35,2013,1599000,8.7,бензин,4WD,АКПП,2.0
Opel Antara,2013,1574000,8.6,дизель,4WD,АКПП,2.2
Geely Atlas,2019,1999000,9.1,бензин,передний,АКПП,1.8
Great Wall Hover H3,2011,669000,8.5,бензин,4WD,механика,2.0
Audi A5,2012,1749999,9.3,бензин,передний,вариатор,1.8
Kia Sportage,2009,840000,8.6,бензин,4WD,механика,2.0
Mazda Mazda6,2013,1643200,9.4,бензин,передний,АКПП,2.5
Volkswagen Tiguan,2020,4799000,9.4,бензин,4WD,робот,2.0
Mercedes-Benz CLA-Class,2019,3075000,9.2,дизель,передний,робот,2.0
Land Rover Discovery Sport,2018,3145000,9.1,дизель,4WD,АКПП,2.0
Volvo XC60,2013,2350000,9.3,дизель,4WD,АКПП,2.4
Audi A3,2019,2300000,9.2,бензин,передний,робот,1.4
Audi A3,2016,1764000,9.2,бензин,передний,робот,1.4
Audi Q5,2017,3550000,9.2,бензин,4WD,робот,2.0
Suzuki SX4,2020,2199000,,бензин,передний,автомат,1.6
Nissan Murano,2011,1299000,9.2,бензин,4WD,вариатор,3.5
Audi A5,2012,1950000,9.3,бензин,4WD,робот,2.0
Changan Lamore,2023,2789900,,бензин,передни,автомат,1.5
Changan Lamore,2023,2789900,,бензин,передни,автомат,1.5
Subaru Levorg,2015,1805000,9.1,бензин,4WD,вариатор,1.6
Mercedes-Benz GLA-Class,2018,2870000,9.3,бензин,4WD,робот,2.0
Skoda Yeti,2013,1029000,8.7,бензин,передний,робот,1.4
Volvo V40,2015,1667000,8.9,бензин,передний,АКПП,1.5
Suzuki Vitara,2020,2421000,8.7,бензин,4WD,АКПП,1.4
Kia Rio,2017,1173000,,бензин,передний,механика,1.6
Chevrolet Cobalt,2013,667000,8.4,бензин,передний,механика,1.5
BMW 3-Series,2014,1470000,9.4,бензин,задний,АКПП,1.6
Opel Antara,2014,1539000,8.6,дизель,4WD,АКПП,2.2
Kia Soul,2018,1949000,9.1,бензин,передний,АКПП,2.0
Jaguar E-Pace,2022,7897000,,бензин,4W,АКПП,2.0
Citroen C5,2006,499000,8.4,бензин,передний,АКПП,2.0
BMW 5-Series,1998,325000,8.9,бензин,задний,механика,2.5
Nissan Qashqai,2019,1639000,9.0,бензин,передний,вариатор,1.2
Opel Corsa,2007,339300,8.5,бензин,передний,механика,1.2
OMODA C5,2023,2670900,,бензин,передни,вариатор,1.5
OMODA C5,2023,2670900,,бензин,передни,вариатор,1.5
OMODA C5,2023,2670900,,бензин,передни,вариатор,1.5
OMODA C5,2023,2670900,,бензин,передни,вариатор,1.5
BMW X1,2021,3918000,9.2,дизель,4WD,АКПП,2.0
OMODA C5,2023,2980900,,бензин,4W,робот,1.6
OMODA C5,2023,2980900,,бензин,4W,робот,1.6
OMODA C5,2023,2980900,,бензин,4W,робот,1.6
OMODA C5,2023,2980900,,бензин,4W,робот,1.6
OMODA C5,2023,2800900,,бензин,передни,вариатор,1.5
OMODA C5,2023,2800900,,бензин,передни,вариатор,1.5
OMODA C5,2023,2800900,,бензин,передни,вариатор,1.5
OMODA C5,2023,2800900,,бензин,передни,вариатор,1.5
OMODA C5,2023,2800900,,бензин,передни,вариатор,1.5
OMODA C5,2023,2800900,,бензин,передни,вариатор,1.5
OMODA C5,2023,2800900,,бензин,передни,вариатор,1.5
OMODA C5,2023,2800900,,бензин,передни,вариатор,1.5
OMODA C5,2023,2800900,,бензин,передни,вариатор,1.5
OMODA C5,2023,2800900,,бензин,передни,вариатор,1.5
OMODA C5,2023,3140400,,бензин,4W,робот,1.6
OMODA C5,2023,3140400,,бензин,4W,робот,1.6
OMODA C5,2023,2980900,,бензин,4W,робот,1.6
OMODA C5,2023,3140400,,бензин,4W,робот,1.6
OMODA C5,2023,3309900,,бензин,4W,робот,1.6
OMODA C5,2023,3309900,,бензин,4W,робот,1.6
OMODA C5,2023,3140400,,бензин,4W,робот,1.6
OMODA C5,2023,3140400,,бензин,4W,робот,1.6
OMODA C5,2023,3140400,,бензин,4W,робот,1.6
OMODA C5,2023,3140400,,бензин,4W,робот,1.6
OMODA C5,2023,3140400,,бензин,4W,робот,1.6
OMODA C5,2023,3140400,,бензин,4W,робот,1.6
OMODA C5,2023,3140400,,бензин,4W,робот,1.6
Chery Tiggo 4 Pro,2023,2249900,,бензин,передни,механика,1.5
Chery Tiggo 4 Pro,2023,2249900,,бензин,передни,механика,1.5
Chery Tiggo 4 Pro,2023,2249900,,бензин,передни,механика,1.5
Chery Tiggo 4 Pro,2023,2249900,,бензин,передни,механика,1.5
Chery Tiggo 4 Pro,2023,2249900,,бензин,передни,механика,1.5
Chery Tiggo 4 Pro,2023,2249900,,бензин,передни,механика,1.5
Chery Tiggo 4 Pro,2023,2249900,,бензин,передни,механика,1.5
Kia Rio X (X-Line),2018,1400000,9.1,бензин,передний,АКПП,1.4
Chery Tiggo 4 Pro,2023,2249900,,бензин,передни,механика,1.5
Chery Tiggo 4 Pro,2023,2249900,,бензин,передни,механика,1.5
Chery Tiggo 4 Pro,2023,2249900,,бензин,передни,механика,1.5
Chery Tiggo 4 Pro,2023,2249900,,бензин,передни,механика,1.5
Chery Tiggo 4 Pro,2023,2249900,,бензин,передни,механика,1.5
Chery Tiggo 4 Pro,2023,2249900,,бензин,передни,механика,1.5
Chery Tiggo 4 Pro,2023,2249900,,бензин,передни,механика,1.5
Mazda Mazda6,2017,2020000,9.4,бензин,передний,АКПП,2.0
BMW 3-Series,2016,2399000,9.4,бензин,4WD,АКПП,2.0
Kia Sportage,2013,1589000,8.8,бензин,4WD,АКПП,2.0
Chery Tiggo 4 Pro,2023,2249900,,бензин,передни,механика,1.5
Mitsubishi Carisma,1998,230000,8.2,бензин,передний,АКПП,1.8
Kia Cerato,2021,2350000,9.3,бензин,передний,АКПП,2.0
Chery Tiggo 7 Pro,2022,2330000,,бензин,передний,вариатор,1.5
Nissan Tiida,2011,729000,8.6,бензин,передний,АКПП,1.6
Subaru Forester,2013,1575000,9.1,бензин,4WD,вариатор,2.5
Subaru Forester,2001,655000,8.5,бензин,4WD,АКПП,2.0
Haval F7,2023,2649000,9.2,бензин,передни,робот,1.5
Лада 2114 Самара,2005,55000,7.9,бензин,передний,механика,1.5
Haval F7,2023,2349000,9.2,бензин,передни,робот,1.5
Haval Dargo,2023,3399000,,бензин,4W,робот,2.0
Haval Jolion,2023,2599000,,бензин,4W,робот,1.5
Haval Dargo,2023,3549000,,бензин,4W,робот,2.0
Haval M6,2023,2299000,,бензин,передни,робот,1.5
Haval F7,2023,3249000,9.2,бензин,4W,робот,2.0
Haval F7,2023,3249000,9.2,бензин,4W,робот,2.0
Haval F7,2023,3249000,9.2,бензин,4W,робот,2.0
Haval M6,2023,2299000,,бензин,передни,робот,1.5
Haval Dargo,2023,3549000,,бензин,4W,робот,2.0
Haval Dargo,2023,3229000,,бензин,4W,робот,2.0
Haval Jolion,2023,2619000,,бензин,4W,робот,1.5
Haval M6,2023,2299000,,бензин,передни,робот,1.5
Haval M6,2023,2299000,,бензин,передни,робот,1.5
Haval M6,2023,2299000,,бензин,передни,робот,1.5
Haval M6,2023,2299000,,бензин,передни,робот,1.5
Haval Jolion,2023,2289000,,бензин,передни,робот,1.5
Skoda Superb,2010,850000,9.2,бензин,4WD,робот,3.6
BMW 7-Series,2019,7550000,9.3,дизель,4WD,АКПП,3.0
Лада 2114 Самара,2004,110000,7.9,бензин,передний,механика,1.5
Mercedes-Benz GLC,2020,6230000,9.2,бензин,4WD,робот,3.0
Ford Mondeo,2016,1540000,9.1,бензин,передний,АКПП,2.5
BMW X5,2020,8819000,9.5,дизель,4WD,АКПП,3.0
Audi A4,2019,3360000,9.3,дизель,4WD,робот,2.0
Chery Arrizo 8,2023,3659900,,бензин,передни,робот,1.6
Chery Arrizo 8,2023,3659900,,бензин,передни,робот,1.6
Chery Arrizo 8,2023,3659900,,бензин,передни,робот,1.6
Chery Arrizo 8,2023,3659900,,бензин,передни,робот,1.6
Chery Arrizo 8,2023,3659900,,бензин,передни,робот,1.6
Chery Arrizo 8,2023,3659900,,бензин,передни,робот,1.6
Chery Arrizo 8,2023,3659900,,бензин,передни,робот,1.6
Chery Arrizo 8,2023,3659900,,бензин,передни,робот,1.6
Chery Tiggo 8 Pro,2023,3829900,,бензин,передни,робот,1.6
Chery Tiggo 8 Pro,2023,3829900,,бензин,передни,робот,1.6
Chery Arrizo 8,2023,3659900,,бензин,передни,робот,1.6
Chery Arrizo 8,2023,3659900,,бензин,передни,робот,1.6
Chery Arrizo 8,2023,3659900,,бензин,передни,робот,1.6
Chery Arrizo 8,2023,3659900,,бензин,передни,робот,1.6
Chery Tiggo 8 Pro,2023,3829900,,бензин,передни,робот,1.6
Chery Tiggo 8 Pro,2023,3829900,,бензин,передни,робот,1.6
Chery Tiggo 8 Pro,2023,3709900,,бензин,передни,робот,1.6
Chery Tiggo 8 Pro,2023,3709900,,бензин,передни,робот,1.6
Chery Tiggo 8 Pro,2023,3709900,,бензин,передни,робот,1.6
Chery Tiggo 8 Pro,2023,3709900,,бензин,передни,робот,1.6
Chery Tiggo 8 Pro Max,2023,4450900,,бензин,4W,робот,2.0
Chery Tiggo 8 Pro Max,2023,4450900,,бензин,4W,робот,2.0
Chery Tiggo 8 Pro Max,2023,4450900,,бензин,4W,робот,2.0
Chery Tiggo 8 Pro Max,2023,4450900,,бензин,4W,робот,2.0
Chery Tiggo 8 Pro,2023,3709900,,бензин,передни,робот,1.6
Chery Tiggo 8 Pro,2023,3709900,,бензин,передни,робот,1.6
Chery Tiggo 8 Pro,2023,3709900,,бензин,передни,робот,1.6
Chery Tiggo 8 Pro,2023,3709900,,бензин,передни,робот,1.6
Chery Arrizo 8,2023,3559900,,бензин,передни,робот,1.6
Toyota Camry,2006,970000,9.1,бензин,передний,АКПП,2.4
Chery Arrizo 8,2023,3559900,,бензин,передни,робот,1.6
Chery Arrizo 8,2023,3659900,,бензин,передни,робот,1.6
Chery Arrizo 8,2023,3659900,,бензин,передни,робот,1.6
Chery Arrizo 8,2023,3659900,,бензин,передни,робот,1.6
Chery Arrizo 8,2023,3659900,,бензин,передни,робот,1.6
Chery Arrizo 8,2023,3559900,,бензин,передни,робот,1.6
Chery Arrizo 8,2023,3559900,,бензин,передни,робот,1.6
Volkswagen Polo,2017,1049000,8.7,механика,56 960 к,передний,1.6
Volkswagen Polo,2018,1189000,8.7,механика,81 533 к,передний,1.6
Chery Tiggo 4 Pro,2023,2479900,,бензин,передни,вариатор,1.5
Chery Tiggo 4 Pro,2023,2479900,,бензин,передни,вариатор,1.5
Chery Tiggo 4 Pro,2023,2479900,,бензин,передни,вариатор,1.5
Chery Arrizo 8,2023,3559900,,бензин,передни,робот,1.6
Chery Arrizo 8,2023,3559900,,бензин,передни,робот,1.6
Chery Arrizo 8,2023,3559900,,бензин,передни,робот,1.6
Chery Arrizo 8,2023,3559900,,бензин,передни,робот,1.6
Chery Tiggo 4 Pro,2023,2479900,,бензин,передни,вариатор,1.5
Chery Arrizo 8,2023,3559900,,бензин,передни,робот,1.6
Chery Arrizo 8,2023,3559900,,бензин,передни,робот,1.6
Chery Arrizo 8,2023,3559900,,бензин,передни,робот,1.6
Chery Tiggo 4 Pro,2023,2479900,,бензин,передни,вариатор,1.5
Chery Tiggo 4 Pro,2023,2479900,,бензин,передни,вариатор,1.5
Chery Arrizo 8,2023,3559900,,бензин,передни,робот,1.6
Chery Tiggo 4 Pro,2023,2479900,,бензин,передни,вариатор,1.5
Chery Tiggo 4 Pro,2023,2479900,,бензин,передни,вариатор,1.5
Лада Ларгус Кросс,2021,1599000,8.3,бензин,передний,механика,1.6
Chery Arrizo 8,2023,3559900,,бензин,передни,робот,1.6
Toyota Avensis,2007,769000,8.9,бензин,передний,АКПП,2.0
Chery Arrizo 8,2023,3559900,,бензин,передни,робот,1.6
Chery Arrizo 8,2023,3559900,,бензин,передни,робот,1.6
Chery Arrizo 8,2023,3559900,,бензин,передни,робот,1.6
Kia Rio X (X-Line),2018,1549000,,бензин,передний,АКПП,
Chery Arrizo 8,2023,3559900,,бензин,передни,робот,
Chery Arrizo 8,2023,3559900,,бензин,передни,робот,1.6
Chery Arrizo 8,2023,3559900,,бензин,передни,робот,1.6
Chery Arrizo 8,2023,3559900,,бензин,передни,робот,
Mercedes-Benz GL-Class,2014,3275000,,бензин,4WD,АКПП,
Chery Tiggo 4 Pro,2023,2539900,,бензин,передни,вариатор,
Kia Sportage,2020,2459000,9.1,бензин,4WD,АКПП,2.0
Chery Tiggo 4 Pro,2023,2539900,,бензин,передни,вариатор,1.5
Chery Tiggo 4 Pro,2023,2539900,,бензин,передни,вариатор,
Chery Tiggo 4 Pro,2023,2539900,,бензин,передни,вариатор,1.5
Skoda Yeti,2017,1589000,8.7,бензин,передний,робот,1.4
Chery Tiggo 8 Pro Max,2023,4459900,,бензин,4W,робот,2.0
Chery Tiggo 8 Pro Max,2023,4459900,,бензин,4W,робот,
Chery Tiggo 8 Pro Max,2023,4459900,,бензин,4W,робот,2.0
Chery Tiggo 8 Pro Max,2023,4459900,,бензин,4W,робот,2.0
Renault Duster,2013,889000,,бензин,передний,АКПП,
Renault Scenic,2010,813000,,дизель,передний,механика,1.5
Chery Tiggo 8 Pro Max,2023,4459900,,бензин,4W,робот,
Chery Tiggo 8 Pro Max,2023,4459900,,бензин,4W,робот,
Chery Tiggo 8 Pro Max,2023,4459900,,бензин,4W,робот,2.0
Chery Tiggo 8 Pro Max,2023,4459900,,бензин,4W,робот,
Chery Tiggo 8 Pro Max,2023,4459900,,бензин,4W,робот,
Chery Tiggo 8 Pro Max,2023,4459900,,бензин,4W,робот,
Chery Tiggo 8 Pro Max,2023,4459900,,бензин,4W,робот,2.0
Chery Tiggo 8 Pro Max,2023,4459900,,бензин,4W,робот,2.0
Chery Tiggo 8 Pro Max,2023,4459900,,бензин,4W,робот,2.0
Volkswagen Touareg,2018,4445000,9.5,дизель,4WD,АКПП,3.0
Chery Tiggo 8 Pro Max,2023,4459900,,бензин,4W,робот,2.0
Chery Tiggo 8 Pro Max,2023,4459900,,бензин,4W,робот,
Chery Tiggo 8 Pro Max,2023,4459900,,бензин,4W,робот,
Volkswagen Tiguan,2021,2990000,9.4,бензин,передний,робот,1.4
Chery Tiggo 8 Pro Max,2023,4450900,,бензин,4W,робот,2.0
Toyota RAV4,2013,1670000,,бензин,4WD,механика,
Chery Tiggo 8 Pro Max,2023,4450900,,бензин,4W,робот,
Chery Tiggo 8 Pro Max,2023,4450900,,бензин,4W,робот,2.0
Porsche Panamera,2019,12650000,,бензин,4WD,робот,4.0
Renault Duster,2019,1800000,8.4,дизель,4WD,механика,1.5
Volkswagen Passat CC,2011,899000,9.2,бензин,передний,механика,1.8
Renault Kaptur,2017,1590000,,бензин,передний,вариатор,
Chery Tiggo 8 Pro Max,2023,4450900,,бензин,4W,робот,
Kia Rio,2018,1229000,9.1,бензин,передний,механика,1.6
Haval F7,2021,2189000,9.2,бензин,4WD,робот,1.5
Skoda Octavia,2019,1949000,,бензин,передний,робот,1.4
Skoda Karoq,2021,3120000,,бензин,4WD,робот,
Chery Tiggo 8 Pro Max,2023,4450900,,бензин,4W,робот,2.0
Toyota Land Cruiser,2022,15790000,,бензин,4WD,АКПП,
Bentley Continental GT,2020,23399000,,бензин,4WD,робот,
EXEED LX,2023,3660000,,бензин,4W,робот,
EXEED TXL,2023,4260000,,бензин,4W,робот,
EXEED TXL,2023,4680000,,бензин,4W,робот,
EXEED TXL,2023,4680000,,бензин,4W,робот,
EXEED TXL,2023,4680000,,бензин,4W,робот,2.0
EXEED TXL,2023,4680000,,бензин,4W,робот,2.0
EXEED VX,2023,5300000,,бензин,4W,робот,2.0
EXEED VX,2023,5300000,,бензин,4W,робот,2.0
EXEED TXL,2023,4260000,,бензин,4W,робот,1.6
EXEED LX,2023,3460000,,бензин,передни,вариатор,1.5
EXEED TXL,2023,4260000,,бензин,4W,робот,1.6
EXEED TXL,2023,4260000,,бензин,4W,робот,1.6
Chery Tiggo 8 Pro Max,2023,4450900,,бензин,4W,робот,
Chery Tiggo 8 Pro Max,2023,4450900,,бензин,4W,робот,
Chery Tiggo 8 Pro Max,2023,4450900,,бензин,4W,робот,2.0
Chery Arrizo 8,2023,3659900,,бензин,передни,робот,1.6
Chery Arrizo 8,2023,3659900,,бензин,передни,робот,
Chery Arrizo 8,2023,3659900,,бензин,передни,робот,1.6
Chery Arrizo 8,2023,3659900,,бензин,передни,робот,1.6
EXEED VX,2023,5690000,,бензин,4W,робот,2.0
EXEED TXL,2023,4680000,,бензин,4W,робот,
EXEED VX,2023,5300000,,бензин,4W,робот,
EXEED TXL,2023,4260000,,бензин,4W,робот,1.6
EXEED TXL,2023,4680000,,бензин,4W,робот,
EXEED TXL,2023,4680000,,бензин,4W,робот,
EXEED VX,2023,5300000,,бензин,4W,робот,
Chery Arrizo 8,2023,3659900,,бензин,передни,робот,1.6
Chery Arrizo 8,2023,3659900,,бензин,передни,робот,
Chery Arrizo 8,2023,3659900,,бензин,передни,робот,
Chery Arrizo 8,2023,3659900,,бензин,передни,робот,1.6
Chery Arrizo 8,2023,3659900,,бензин,передни,робот,
Volvo S60,2013,1250000,,бензин,передний,робот,
Chery Arrizo 8,2023,3659900,,бензин,передни,робот,1.6
Chery Arrizo 8,2023,3659900,,бензин,передни,робот,
Chery Arrizo 8,2023,3659900,,бензин,передни,робот,
Chery Arrizo 8,2023,3559900,,бензин,передни,робот,1.6
Chery Arrizo 8,2023,3559900,,бензин,передни,робот,1.6
Chery Arrizo 8,2023,3559900,,бензин,передни,робот,
Chery Tiggo 8 Pro Max,2023,4450900,,бензин,4W,робот,
Chery Arrizo 8,2023,3559900,,бензин,передни,робот,1.6
Chery Arrizo 8,2023,3559900,,бензин,передни,робот,
Chery Tiggo 8 Pro Max,2023,4459900,,бензин,4W,робот,2.0
Chery Tiggo 8 Pro Max,2023,4459900,,бензин,4W,робот,2.0
Chery Arrizo 8,2023,3659900,,бензин,передни,робот,1.6
Chery Arrizo 8,2023,3659900,,бензин,передни,робот,
Chery Tiggo 8 Pro Max,2023,4450900,,бензин,4W,робот,
Chery Tiggo 8 Pro Max,2023,4450900,,бензин,4W,робот,2.0
Chery Tiggo 8 Pro Max,2023,4459900,,бензин,4W,робот,
Chery Tiggo 8 Pro Max,2023,4459900,,бензин,4W,робот,
Chery Tiggo 4 Pro,2023,2479900,,бензин,передни,вариатор,
Chery Tiggo 4 Pro,2023,2479900,,бензин,передни,вариатор,1.5
Chery Arrizo 8,2023,3659900,,бензин,передни,робот,1.6
Chery Tiggo 8 Pro,2023,3709900,,бензин,передни,робот,1.6
Chery Tiggo 8 Pro,2023,3709900,,бензин,передни,робот,
Chery Tiggo 8 Pro,2023,3829900,,бензин,передни,робот,
Chery Arrizo 8,2023,3659900,,бензин,передни,робот,
Chery Arrizo 8,2023,3659900,,бензин,передни,робот,
Chery Arrizo 8,2023,3659900,,бензин,передни,робот,1.6
Chery Arrizo 8,2023,3659900,,бензин,передни,робот,1.6
Chery Tiggo 4 Pro,2023,2539900,,бензин,передни,вариатор,
Chevrolet Cruze,2012,749000,8.5,бензин,передний,АКПП,1.6
Chery Tiggo 4 Pro,2023,2349900,,бензин,передни,вариатор,
Chery Tiggo 4 Pro,2023,2349900,,бензин,передни,вариатор,
Chery Tiggo 4 Pro,2023,2349900,,бензин,передни,вариатор,1.5
BMW 5-Series,2021,7750000,,дизель,4WD,АКПП,
OMODA S5,2023,2319900,,бензин,передни,вариатор,1.5
Chery Tiggo 4 Pro,2023,2349900,,бензин,передни,вариатор,
Chery Tiggo 4 Pro,2023,2349900,,бензин,передни,вариатор,
Chery Tiggo 4 Pro,2023,2349900,,бензин,передни,вариатор,
Chery Tiggo 4 Pro,2023,2349900,,бензин,передни,вариатор,1.5
BMW X6,2013,2450000,9.2,бензин,4WD,АКПП,3.0
Hyundai Accent,2010,449000,,бензин,передний,механика,
EXEED VX,2023,5300000,,бензин,4W,робот,
EXEED TXL,2023,4260000,,бензин,4W,робот,
Lexus NX200,2017,3233000,,бензин,4WD,вариатор,
Skoda Fabia,2009,639000,,бензин,передний,механика,
Chevrolet Lacetti,2011,629000,,бензин,передний,АКПП,
Volvo XC90,2021,6400000,,бензин,4WD,АКПП,
BMW 7-Series,2021,8700000,,дизель,4WD,АКПП,
Kaiyi E5,2023,2193000,,бензин,передни,вариатор,
Kaiyi E5,2023,2193000,,бензин,передни,вариатор,
Kaiyi E5,2023,2193000,,бензин,передни,вариатор,
Kaiyi E5,2023,2193000,,бензин,передни,вариатор,
Kaiyi E5,2023,2193000,,бензин,передни,вариатор,
Kaiyi E5,2023,2193000,,бензин,передни,вариатор,
Kaiyi E5,2023,2193000,,бензин,передни,вариатор,
Kaiyi E5,2023,2193000,,бензин,передни,вариатор,
Kaiyi E5,2023,2193000,,бензин,передни,вариатор,
Kaiyi E5,2023,2193000,,бензин,передни,вариатор,
BMW X3,2014,2059000,,бензин,4WD,АКПП,
Mercedes-Benz GLK-Class,2012,1999000,,бензин,4WD,АКПП,
Hyundai Sonata,2022,3085000,,бензин,передний,АКПП,
Mitsubishi Outlander,2020,2516550,,бензин,4WD,вариатор,
Geely Coolray SX11,2020,1939000,,бензин,передний,робот,
Lexus RX270,2013,2599000,,бензин,передний,АКПП,
Audi A5,2021,4499000,,бензин,передний,автомат,
Chery Tiggo 4 Pro,2023,2349900,,бензин,передни,вариатор,
Chery Tiggo 7 Pro Max,2023,3369900,,бензин,4W,робот,
Chery Arrizo 8,2023,3659900,,бензин,передни,робот,
Chery Arrizo 8,2023,3559900,,бензин,передни,робот,
Chery Tiggo 4 Pro,2023,2249900,,бензин,передни,механика,
Chery Tiggo 8 Pro Max,2023,4459900,,бензин,4W,робот,
Chery Tiggo 4 Pro,2023,2479900,,бензин,передни,вариатор,
Chery Tiggo 8 Pro Max,2023,4650900,,бензин,4W,робот,
Chery Arrizo 8,2023,3709900,,бензин,передни,робот,
Chery Arrizo 8,2023,3659900,,бензин,передни,робот,
Chery Arrizo 8,2023,3559900,,бензин,передни,робот,
Chery Tiggo 8 Pro,2023,3709900,,бензин,передни,робот,
Chery Tiggo 4 Pro,2023,2349900,,бензин,передни,вариатор,
Mercedes-Benz V-Class,2022,13190000,,дизель,4W,автомат,
Chery Tiggo 4 Pro,2023,2249900,,бензин,передни,механика,
Chery Tiggo 4 Pro,2023,2249900,,бензин,передни,механика,
Chery Tiggo 4 Pro,2023,2349900,,бензин,передни,вариатор,
Chery Arrizo 8,2023,3659900,,бензин,передни,робот,
Chery Tiggo 4 Pro,2023,2249900,,бензин,передни,механика,
Chery Tiggo 4 Pro,2023,2479900,,бензин,передни,вариатор,
Chery Tiggo 4 Pro,2023,2479900,,бензин,передни,вариатор,
Chery Tiggo 4 Pro,2023,2479900,,бензин,передни,вариатор,
Chery Tiggo 8 Pro Max,2023,4459900,,бензин,4W,робот,
Chery Tiggo 4 Pro,2023,2479900,,бензин,передни,вариатор,
Chery Tiggo 4 Pro,2023,2349900,,бензин,передни,вариатор,
Infiniti QX80,2019,12990000,,бензин,4W,АКПП,
Volkswagen Touareg,2020,5180000,,дизель,4WD,АКПП,
Kia K5,2021,3400000,,бензин,передний,АКПП,
Kia Sorento,2023,4809800,,бензин,4W,АКПП,
Chery Tiggo 4 Pro,2023,2479900,,бензин,передни,вариатор,
Chery Tiggo 4 Pro,2023,2479900,,бензин,передни,вариатор,
Nissan Qashqai,2016,1524000,,бензин,передний,вариатор,
Haval Dargo,2023,3549000,,бензин,4W,робот,
OMODA C5,2023,2749900,,бензин,передни,вариатор,
OMODA C5,2023,2749900,,бензин,передни,вариатор,
Haval F7x,2023,2549000,,бензин,передни,робот,
OMODA S5,2023,2219900,,бензин,передни,вариатор,
OMODA S5,2023,2219900,,бензин,передни,вариатор,
OMODA C5,2023,2619900,,бензин,передни,вариатор,
OMODA C5,2023,2619900,,бензин,передни,вариатор,
OMODA C5,2023,2619900,,бензин,передни,вариатор,
OMODA C5,2023,2619900,,бензин,передни,вариатор,
OMODA S5,2023,2529900,,бензин,передни,вариатор,
OMODA S5,2023,2529900,,бензин,передни,вариатор,
OMODA S5,2023,2529900,,бензин,передни,вариатор,
OMODA S5,2023,2529900,,бензин,передни,вариатор,
OMODA S5,2023,2219900,,бензин,передни,вариатор,
OMODA S5,2023,2219900,,бензин,передни,вариатор,
OMODA S5,2023,2219900,,бензин,передни,вариатор,
OMODA S5,2023,2219900,,бензин,передни,вариатор,
OMODA S5,2023,2219900,,бензин,передни,вариатор,
OMODA S5,2023,2219900,,бензин,передни,вариатор,
Kia K5,2019,2770000,,бензин,передний,АКПП,
Citroen C4,2013,770000,,бензин,передний,АКПП,
Skoda Octavia,2012,769000,,бензин,передний,механика,
Nissan Qashqai,2017,1667000,,бензин,передний,вариатор,
BMW X5,2019,7290000,,дизель,4WD,АКПП,
Honda CR-V,2002,670000,,бензин,передний,АКПП,
BMW X1,2020,3540000,,дизель,4WD,АКПП,
Cadillac Escalade,2019,5999000,,бензин,4WD,АКПП,
BMW 6-Series Gran Turismo,2020,7770000,,дизель,4WD,АКПП,
Haval H9,2020,3199000,,бензин,4WD,АКПП,
Jaguar F-Pace,2017,2484000,,дизель,4WD,АКПП,
Renault Sandero,2018,950000,,бензин,передний,механика,
Chery Tiggo 4 Pro,2023,2249900,,бензин,передни,механика,
Chery Tiggo 7 Pro Max,2023,3059900,,бензин,передни,вариатор,
Chery Tiggo 4 Pro,2023,2249900,,бензин,передни,механика,
Chery Tiggo 4 Pro,2023,2249900,,бензин,передни,механика,
Chery Tiggo 4 Pro,2023,2249900,,бензин,передни,механика,
Chery Tiggo 4 Pro,2023,2249900,,бензин,передни,механика,
Chery Tiggo 4 Pro,2023,2249900,,бензин,передни,механика,
Chery Tiggo 4 Pro,2023,2249900,,бензин,передни,механика,
Chery Tiggo 4 Pro,2023,2249900,,бензин,передни,механика,
Лада Приора,2013,450000,,бензин,передний,механика,
Chery Tiggo 4 Pro,2023,2479900,,бензин,передни,вариатор,
Chery Tiggo 4 Pro,2023,2479900,,бензин,передни,вариатор,
Chery Tiggo 4 Pro,2023,2479900,,бензин,передни,вариатор,
Chery Tiggo 4 Pro,2023,2479900,,бензин,передни,вариатор,
Chery Tiggo 4 Pro,2023,2479900,,бензин,передни,вариатор,
Chery Tiggo 4 Pro,2023,2479900,,бензин,передни,вариатор,
Chery Tiggo 4 Pro,2023,2479900,,бензин,передни,вариатор,
